{
  "EM_P": 0.012523020257826888,
  "EM_R": 0.0021584560690705943,
  "EM_F1": 0.003682244002815834,
  "TabEval_P": 0.012523020257826888,
  "TabEval_R": 0.0021584560690705943,
  "TabEval_F1": 0.003682244002815834
}